{"cameraMode":{"drawMode":0,"name":"Shaded","section":"Shading Mode"},"sceneLighting":true,"audioPlay":false,"sceneViewState":{"m_AlwaysRefresh":false,"showFog":true,"showSkybox":true,"showFlares":true,"showImageEffects":true,"showParticleSystems":true,"showVisualEffectGraphs":true,"m_FxEnabled":true},"in2DMode":false,"pivot":{"x":-3.9743080139160158,"y":30.297422409057618,"z":86.41383361816406},"rotation":{"x":-0.02685227431356907,"y":0.10327781736850739,"z":0.002789177931845188,"w":0.9942868947982788},"size":28.1798152923584,"orthographic":false}